### Default sources for example
INSERT INTO T_IE_FUENTES (id, nombre, descripcion, id_categoria, id_idioma, num_res, activada, incidencia, url, metodo, static_pars, retornos_carro, posiciones, expreg, operadores) VALUES (1,'Scirus','Informacion cientifica y tecnica',1,2,20,1,0,'http://www.scirus.com/srsapp/search','GET','g=a&fdt=1920&tdt=2007&dt=all&ff=all&ds=jnl&ds=nom&ds=web&sa=all&g=a',1,'2,3,1','<a name=\"url\" href=\"([^\"]*)\">(.+?)</a>(.+?)</td>','AND,OR,FE');
INSERT INTO T_IE_FUENTES (id, nombre, descripcion, id_categoria, id_idioma, num_res, activada, incidencia, url, metodo, static_pars, retornos_carro, posiciones, expreg, operadores) VALUES (2,'Espacenet','Base de datos de patentes registradas en más de 60 paises',1,2,10,1,0,'http://preview.espacenet.com/results','GET','sf=q&FIRST=1&DB=EPODOC&st=AB&Submit=SEARCH',1,'2,3,1','<tr class=\"rowcol4hi\">.+?<strong><a href=\"([^\"]*)\">(.+?)</a>.+?<tr class=\"rowcol4\" >(.+?Publication info:.+?)</tr>','AND,OR,FE');
INSERT INTO T_IE_FUENTES (id, nombre, descripcion, id_categoria, id_idioma, num_res, activada, incidencia, url, metodo, static_pars, retornos_carro, posiciones, expreg, operadores) VALUES (3,'Cordis - Partners','Potenciales Socios de Proyectos Europeos',2,2,15,1,0,'http://icadc.cordis.lu/fep-cgi/srchidadb','GET','CALLER=EN_PARTNERS',1,'2,3,1','<span class=\"b\"><a href=\"([^\"]*)\">(.+?)</a>.+?<tr>(.+?)<td>&nbsp;&nbsp;</td>','FE');
INSERT INTO T_IE_FUENTES (id, nombre, descripcion, id_categoria, id_idioma, num_res, activada, incidencia, url, metodo, static_pars, retornos_carro, posiciones, expreg, operadores) VALUES (4,'Cordis - Projects','Proyectos Europeos de I+D',2,2,10,1,0,'http://ica.cordis.lu/search/index.cfm?fuseaction=search.getResult','POST','simsearch=1&dbname=proj&date=&displayRows=20&Standard=1&sortBy=date&sortOrder=desc&submit=Search',1,'2,3,1','<a href=\"([^\"]*)\"><span class=\"title2\">(.+?)</span>.+?<tr>(.+?</tr>.+?<tr>.+?</tr>.+?<tr>.+?</tr>)','AND,FE');
INSERT INTO T_IE_FUENTES (id, nombre, descripcion, id_categoria, id_idioma, num_res, activada, incidencia, url, metodo, static_pars, retornos_carro, posiciones, expreg, operadores) VALUES (5,'Yet2','Ofertas de Tecnologia',3,2,10,1,0,'http://www.yet2.com/app/find/search','POST','language=es&type=1&page=1&clusterID=-1&sourceQuery=&command=keword',1,'2,3,1','<div class=\"searchlink\"><a href=\"([^\"]*)\">(.+?)</a>(.+?)<br>','AND,OR,FE');
INSERT INTO T_IE_FUENTES (id, nombre, descripcion, id_categoria, id_idioma, num_res, activada, incidencia, url, metodo, static_pars, retornos_carro, posiciones, expreg, operadores) VALUES (6,'Google Scholar','Informacion de tipo académico y científico indexado por Google',1,2,10,1,0,'http://scholar.google.com/scholar','GET','ie=UTF-8&oe=UTF-8&hl=en',1,'2,3,1','<span class=\"w\"><a href=\"([^\"]*)\"[^>]*>(.+?)</a>.+?<font color=green>(.+?)</b>\\s+<br>','AND,OR,FE');
INSERT INTO T_IE_FUENTES (id, nombre, descripcion, id_categoria, id_idioma, num_res, activada, incidencia, url, metodo, static_pars, retornos_carro, posiciones, expreg, operadores) VALUES (7,'PRNewswire','Notas de Prensa',6,2,20,1,0,'http://199.230.26.105/fulltext','POST','CONN=OR&P_PAGE_NUMBER=0&P_SID=0&T_COUNT=0&P_COUNT=0&NUMDAYS=30&x=11&y=10',1,'2,3,1','%...<A HREF=\"([^\"]*)\">(.+?)</A>()','AND,OR');
INSERT INTO T_IE_FUENTES (id, nombre, descripcion, id_categoria, id_idioma, num_res, activada, incidencia, url, metodo, static_pars, retornos_carro, posiciones, expreg, operadores) VALUES (9,'Google Books','Colecciones de libros indexados a texto completo por Google',1,2,10,1,0,'http://books.google.com/books','GET','ie=UTF-8',1,'2,3,1','<a class=big href=\"([^\"]*)\"[^>]*>(.+?)</a>(.+?)</b>\\s?<br>','AND,OR,FE');
INSERT INTO T_IE_FUENTES (id, nombre, descripcion, id_categoria, id_idioma, num_res, activada, incidencia, url, metodo, static_pars, retornos_carro, posiciones, expreg, operadores) VALUES (10,'Cordis - Exploitable Results','Resultados explotables de I+D financiada con fondos de la UE',2,2,20,1,0,'http://ica.cordis.lu/search/index.cfm?fuseaction=search.getResult','POST','simsearch=1&dbname=result&date=&displayRows=20&Standard=0&sortBy=date&sortOrder=desc&submit=Search',1,'2,3,1','\\d\\.\\s?<a href=\"([^\"]*)\"[^>]*>(.+?)</a>(.+?)</td>','AND,FE');
INSERT INTO T_IE_FUENTES (id, nombre, descripcion, id_categoria, id_idioma, num_res, activada, incidencia, url, metodo, static_pars, retornos_carro, posiciones, expreg, operadores) VALUES (11,'NSF Awards','Proyectos financiados por la National Science Foundation (EE.UU.)',2,2,20,1,0,'http://www.nsf.gov/awardsearch/ftSearch.do?','GET','SearchType=ftSearch&page=3&Search=Search',1,'1,3,2','<td id=\"Title[^>]*><a sort=\"(.+?)\"\\s+href=\"(.+?)\".+?<td id=\"Organization[^>]*>(.+?)</tr>','AND,OR,FE');
INSERT INTO T_IE_FUENTES (id, nombre, descripcion, id_categoria, id_idioma, num_res, activada, incidencia, url, metodo, static_pars, retornos_carro, posiciones, expreg, operadores) VALUES (12,'NTIS','National Technical Information Service - Informes de Investigaciones de Agencias de EEUU',2,2,15,1,0,'http://www.ntis.gov/search/results.asp?loc=3-0-0','POST','SimpleSearch=yes&section=search&frm_qry_Category=ALL&frm_qry_Year=1990&frm_qry_MaxRec=100&frm_qry_Rank=0',1,'2,3,1','<li><a href=\"([^\"]*)\" class=\"results\">([^<]*)</a><br>([^<]*)<','AND,OR,FE');
INSERT INTO T_IE_FUENTES (id, nombre, descripcion, id_categoria, id_idioma, num_res, activada, incidencia, url, metodo, static_pars, retornos_carro, posiciones, expreg, operadores) VALUES (13,'Tecnociencia - Proyectos','Proyectos de I+D desarrollados en España',2,1,40,1,0,'http://www.tecnociencia.es/fecyt/servlet/ServletLibre?','GET','busqueda_simple=true&tipo_ordenacion=&search_eventos=new&interesa=2&pagina=public%2Fhome_entidad.jsp&txt_seccion=13&txt_clasificacion_tecno=0',1,'2,3,1','investigación</td>.+?href=\"([^\"]*)\"[^>]*>([^<]*)<BR>([^<]*)</a>','FE');
INSERT INTO T_IE_FUENTES (id, nombre, descripcion, id_categoria, id_idioma, num_res, activada, incidencia, url, metodo, static_pars, retornos_carro, posiciones, expreg, operadores) VALUES (14,'IRC - Oferta Tecnológica','Oferta Tecnológica de los Centros de Enlace para la Innovación (Ir',3,2,20,1,0,'http://irc.cordis.lu/showroom/bbssearch_do.cfm?','GET','OFFER=OFFER&sort=date&org=1809&searchForm=yes&maxRows=20&lgcode=14',1,'2,3,1','href=\"([^\"]*)\">\\s+<B>(.+?)</B>(.+?)</TR>','AND,OR,FE');
INSERT INTO T_IE_FUENTES (id, nombre, descripcion, id_categoria, id_idioma, num_res, activada, incidencia, url, metodo, static_pars, retornos_carro, posiciones, expreg, operadores) VALUES (15,'Cybertheses','Proyecto colaborativo para publicacion de Tesis Doctorales en Frances',4,4,10,1,0,'http://mirror-fr.cybertheses.org/search.php','POST','limit=all',1,'1,2,3','<span class=\"title\">(.+?)<br />(.+?)<br />.+?href=\"([^\"]*)\"','AND');
INSERT INTO T_IE_FUENTES (id, nombre, descripcion, id_categoria, id_idioma, num_res, activada, incidencia, url, metodo, static_pars, retornos_carro, posiciones, expreg, operadores) VALUES (16,'Networked Digital Library of Theses and Dissertations','Proyecto colaborativo de Tesis en ingles',4,2,10,1,0,'http://zippo.vtls.com/cgi-bin/ndltd/chameleon?','GET','function=INITREQ&SourceScreen=NOFUNC&skin=ndltd&search=KEYWORD&elementcount=3&u1=1035&lng=en&conf=.%2Fchameleon.conf&pos=1&host=localhost+3668+DEFAULT&clearsubset=1&scant1=&scanu1=&sortby=pubti&sortdirection=1',1,'2,3,1','\\d</font>.+?href=\"([^\"]*)\">.+?Title</th>(.+?)</a>.+?Institution</th>(.+?)</table>','AND,OR,FE');
INSERT INTO T_IE_FUENTES (id, nombre, descripcion, id_categoria, id_idioma, num_res, activada, incidencia, url, metodo, static_pars, retornos_carro, posiciones, expreg, operadores) VALUES (19,'Normas ISO','Catalogo de Normas ISO',5,2,50,1,0,'http://www.iso.org/iso/en/StandardsQueryFormHandler.StandardsQueryFormHandler?','GET','languageCode=en&lastSearch=&isoNumber=&isoPartNumber=&isoDocType=ALL&ICS=&stageCode=&stageDate=&committee=ALL&subcommittee=&scope=&sortOrder=STAGE&title=true&abstract=true&document=true&SKIPROWS=0&cacheid=7154654&stagedatepredefined=&scopecatalogue=CATALOGUE&scopewithdrawn=&scopeprogramme=PROGRAMME&scopedeleted=&stagescope=Current&repost=1&isoDocElem=ALL',1,'2,3,1','ffffff\">\\s*<a href=\"(.+?)\">(.+?)</a>.+?</tr>(.+?)</td></tr>','AND,OR,FE');
INSERT INTO T_IE_FUENTES (id, nombre, descripcion, id_categoria, id_idioma, num_res, activada, incidencia, url, metodo, static_pars, retornos_carro, posiciones, expreg, operadores) VALUES (18,'European Chemicals Bureau','Sitio web europeo sobre seguridad de productos químicos',5,2,20,1,0,'http://www.google.es/search?','GET','num=20&sitesearch=ecb.jrc.it',1,'2,3,1','<p class=g>.+?href=\"([^\"]*)\"[^>]*>(.+?)</a>(.+?)<font color=\\#008000>','AND,OR,FE');
INSERT INTO T_IE_FUENTES (id, nombre, descripcion, id_categoria, id_idioma, num_res, activada, incidencia, url, metodo, static_pars, retornos_carro, posiciones, expreg, operadores) VALUES (20,'Google','Motor de búsqueda',8,2,20,1,0,'http://www.google.es/search','GET','hl=es&meta=&num=20',1,'2,3,1','<p class=g>.+?href=\"([^\"]*)\"[^>]*>(.+?)</a>(.+?)<font color=\\#008000>','AND,OR,FE');
INSERT INTO T_IE_FUENTES (id, nombre, descripcion, id_categoria, id_idioma, num_res, activada, incidencia, url, metodo, static_pars, retornos_carro, posiciones, expreg, operadores) VALUES (21,'CiteSeer','Base de datos cientifica que se puede interrogar mediante citas bibliograficas',1,2,20,1,0,'http://citeseer.ist.psu.edu/cis','GET','submit=Search+Documents&cs=1',1,'2,3,1','<!--RIS--><a href=\"(.+?)\">(.+?)</a>(.+?)<font color=green>','AND,OR,FE');
INSERT INTO T_IE_FUENTES (id, nombre, descripcion, id_categoria, id_idioma, num_res, activada, incidencia, url, metodo, static_pars, retornos_carro, posiciones, expreg, operadores) VALUES (22,'FindArticles','Base de datos de articulos tecnicos',1,2,20,1,0,'http://www.findarticles.com/p/search?','GET','tb=art&qf=1%3Aall&1stVst=13191&pvs_sess=2&IFsess=2&T3CK=TANT%3D1%7CTANO%3D0&x=18&y=3&sb=&pc=15&so=date&free=1&sn=15',1,'2,3,1','<strong><a href=\"(.+?)\">(.+?)</a></strong><br />(.+?)\\&\\#\\d\\d\\d','AND,FE');
INSERT INTO T_IE_FUENTES (id, nombre, descripcion, id_categoria, id_idioma, num_res, activada, incidencia, url, metodo, static_pars, retornos_carro, posiciones, expreg, operadores) VALUES (23,'Ingenta','Base de datos de articulos cientificos',1,2,20,1,0,'http://www.ingentaconnect.com/search','GET','database=1&search.x=6&search.y=10',1,'2,3,1','controls\">.+?href=\"(.+?)\"[^>]*>(.+?)</a>(.+?)</a></p>','AND,OR');
INSERT INTO T_IE_FUENTES (id, nombre, descripcion, id_categoria, id_idioma, num_res, activada, incidencia, url, metodo, static_pars, retornos_carro, posiciones, expreg, operadores) VALUES (24,'Chemie Information Service','Chemie Information Service',6,5,20,1,0,'http://www.chemie.de/news/e/','GET','d=block&t=&searchbutton=Search&co=0&pw=a&wild=no',1,'3,1,2','<nobr>(.+?)-</nobr>.+?href=\"(.+?)\"[^>]*>(.+?)</a>','AND,OR,FE');
INSERT INTO T_IE_FUENTES (id, nombre, descripcion, id_categoria, id_idioma, num_res, activada, incidencia, url, metodo, static_pars, retornos_carro, posiciones, expreg, operadores) VALUES (25,'Topix','Topix.net',6,2,15,1,0,'http://www.topix.net/search/','GET','x=32&y=9',1,'2,3,1','<table cellspacing=\"0\" cellpadding=\"0\" border=\"0\"> <tr> <td> <a href=\"(.+?)\" class=\"title\"[^>]*>(.+?)</a>(.+?)</td>','AND,OR,FE');
INSERT INTO T_IE_FUENTES (id, nombre, descripcion, id_categoria, id_idioma, num_res, activada, incidencia, url, metodo, static_pars, retornos_carro, posiciones, expreg, operadores) VALUES (26,'CHEMLIN','Noticias de mercado y otras fuentes',6,2,20,1,0,'http://chemlin.de/_vti_bin/shtml.exe/search.htm','POST','VTI-GROUP=0',1,'2,3,1','<a href=\"([^\"]*)\">(.+?)</a>, (\\d+?) ','AND,OR');
INSERT INTO T_IE_FUENTES (id, nombre, descripcion, id_categoria, id_idioma, num_res, activada, incidencia, url, metodo, static_pars, retornos_carro, posiciones, expreg, operadores) VALUES (27,'BrightSurf','Noticias de mercado relacionadas con la ciencia',6,2,20,1,0,'http://www.brightsurf.com/isearch/index.php','POST','partial=on&action=search',1,'2,3,1','<h2><A HREF=\"(.+?)\"[^>]*>(.+?)</A></h2>(.+?)</i>','AND,OR,FE');
INSERT INTO T_IE_FUENTES (id, nombre, descripcion, id_categoria, id_idioma, num_res, activada, incidencia, url, metodo, static_pars, retornos_carro, posiciones, expreg, operadores) VALUES (28,'US News','Noticias de mercado de Estados Unidos y del mundo',6,2,10,1,0,'http://search.usnews.com/search','GET','filter=0&output=xml_no_dtd&ie=UTF-8&oe=UTF-8&client=default_frontend&proxystylesheet=default_frontend&sort=date%3AD%3AS%3Ad1',1,'2,3,1','class=\"searchResultItem\"> <a href=\"(.+?)[^>]*>USNews\\.com\\: (.+?)</a>(.+?)<br><span','AND,OR,FE');
INSERT INTO T_IE_FUENTES (id, nombre, descripcion, id_categoria, id_idioma, num_res, activada, incidencia, url, metodo, static_pars, retornos_carro, posiciones, expreg, operadores) VALUES (29,'NewsIndex','Notas de prensa y noticias',6,2,10,1,0,'http://www.newsindex.com/cgi-bin/process.cgi','GET','mode=any',1,'2,3,1','\\*<a href=\"(.+?)\">(.+?)</a>.+?<blockquote>(.+?)</blockquote>','AND,OR');
INSERT INTO T_IE_FUENTES (id, nombre, descripcion, id_categoria, id_idioma, num_res, activada, incidencia, url, metodo, static_pars, retornos_carro, posiciones, expreg, operadores) VALUES (30,'Diseven','Eventos en España',7,1,10,1,0,'http://web.cica.es/congresos/busqueda.es.php3','POST','tipeven%5B%5D=6&mesIni%5B%5D=01&anyoIni%5B%5D=1997&mesFin%5B%5D=0&anyoFin%5B%5D=0&loca=',1,'2,3,1','Denominación</td><td colspan=3><b><a href=\"([^\"]*)\">(.+?)</a>(.+?)<tr><td>URL','OR');
INSERT INTO T_IE_FUENTES_PARAMETROS (id_clave, clave, id_fuente) VALUES ('1','t',1);
INSERT INTO T_IE_FUENTES_PARAMETROS (id_clave, clave, id_fuente) VALUES ('2','q',1);
INSERT INTO T_IE_FUENTES_PARAMETROS (id_clave, clave, id_fuente) VALUES ('3','AB',2);
INSERT INTO T_IE_FUENTES_PARAMETROS (id_clave, clave, id_fuente) VALUES ('4','QZ_WEBSRCH',3);
INSERT INTO T_IE_FUENTES_PARAMETROS (id_clave, clave, id_fuente) VALUES ('5','CONTENT',4);
INSERT INTO T_IE_FUENTES_PARAMETROS (id_clave, clave, id_fuente) VALUES ('6','keyword',5);
INSERT INTO T_IE_FUENTES_PARAMETROS (id_clave, clave, id_fuente) VALUES ('9','SEARCH',7);
INSERT INTO T_IE_FUENTES_PARAMETROS (id_clave, clave, id_fuente) VALUES ('8','q',6);
INSERT INTO T_IE_FUENTES_PARAMETROS (id_clave, clave, id_fuente) VALUES ('11','q',9);
INSERT INTO T_IE_FUENTES_PARAMETROS (id_clave, clave, id_fuente) VALUES ('13','CONTENT',10);
INSERT INTO T_IE_FUENTES_PARAMETROS (id_clave, clave, id_fuente) VALUES ('14','QueryText',11);
INSERT INTO T_IE_FUENTES_PARAMETROS (id_clave, clave, id_fuente) VALUES ('15','frm_qry_Search',12);
INSERT INTO T_IE_FUENTES_PARAMETROS (id_clave, clave, id_fuente) VALUES ('17','txt_expresion',13);
INSERT INTO T_IE_FUENTES_PARAMETROS (id_clave, clave, id_fuente) VALUES ('18','SearchKey',14);
INSERT INTO T_IE_FUENTES_PARAMETROS (id_clave, clave, id_fuente) VALUES ('19','Results',14);
INSERT INTO T_IE_FUENTES_PARAMETROS (id_clave, clave, id_fuente) VALUES ('20','query',15);
INSERT INTO T_IE_FUENTES_PARAMETROS (id_clave, clave, id_fuente) VALUES ('21','t1',16);
INSERT INTO T_IE_FUENTES_PARAMETROS (id_clave, clave, id_fuente) VALUES ('22','q',18);
INSERT INTO T_IE_FUENTES_PARAMETROS (id_clave, clave, id_fuente) VALUES ('23','keyword',19);
INSERT INTO T_IE_FUENTES_PARAMETROS (id_clave, clave, id_fuente) VALUES ('24','q',20);
INSERT INTO T_IE_FUENTES_PARAMETROS (id_clave, clave, id_fuente) VALUES ('25','q',21);
INSERT INTO T_IE_FUENTES_PARAMETROS (id_clave, clave, id_fuente) VALUES ('26','qt',22);
INSERT INTO T_IE_FUENTES_PARAMETROS (id_clave, clave, id_fuente) VALUES ('27','title',23);
INSERT INTO T_IE_FUENTES_PARAMETROS (id_clave, clave, id_fuente) VALUES ('28','ps',24);
INSERT INTO T_IE_FUENTES_PARAMETROS (id_clave, clave, id_fuente) VALUES ('29','defop',24);
INSERT INTO T_IE_FUENTES_PARAMETROS (id_clave, clave, id_fuente) VALUES ('30','q',25);
INSERT INTO T_IE_FUENTES_PARAMETROS (id_clave, clave, id_fuente) VALUES ('31','search',26);
INSERT INTO T_IE_FUENTES_PARAMETROS (id_clave, clave, id_fuente) VALUES ('32','s',27);
INSERT INTO T_IE_FUENTES_PARAMETROS (id_clave, clave, id_fuente) VALUES ('34','q',28);
INSERT INTO T_IE_FUENTES_PARAMETROS (id_clave, clave, id_fuente) VALUES ('35','query',29);
INSERT INTO T_IE_FUENTES_PARAMETROS (id_clave, clave, id_fuente) VALUES ('36','mode',29);
INSERT INTO T_IE_FUENTES_PARAMETROS (id_clave, clave, id_fuente) VALUES ('37','termino',30);
INSERT INTO T_IE_INSTRUCCIONES (id_instruccion, id_clave, operacion, par1, par2, par3, par4, par5, par6, par7) VALUES ('1','1','SI','OPERADOR','\"AND\"','ASSIGN','\"all\"','','','');
INSERT INTO T_IE_INSTRUCCIONES (id_instruccion, id_clave, operacion, par1, par2, par3, par4, par5, par6, par7) VALUES ('2','1','SI','OPERADOR','\"OR\"','ASSIGN','\"any\"','','','');
INSERT INTO T_IE_INSTRUCCIONES (id_instruccion, id_clave, operacion, par1, par2, par3, par4, par5, par6, par7) VALUES ('3','1','SI','OPERADOR','\"FE\"','ASSIGN','\"phrase\"','','','');
INSERT INTO T_IE_INSTRUCCIONES (id_instruccion, id_clave, operacion, par1, par2, par3, par4, par5, par6, par7) VALUES ('4','2','REPLACE','TEXTO','\" \"','\" \"','','','','');
INSERT INTO T_IE_INSTRUCCIONES (id_instruccion, id_clave, operacion, par1, par2, par3, par4, par5, par6, par7) VALUES ('5','3','SI','OPERADOR','\"AND\"','REPLACE','TEXTO','\" \"','\" AND \"','');
INSERT INTO T_IE_INSTRUCCIONES (id_instruccion, id_clave, operacion, par1, par2, par3, par4, par5, par6, par7) VALUES ('6','3','SI','OPERADOR','\"OR\"','REPLACE','TEXTO','\" \"','\" OR \"','');
INSERT INTO T_IE_INSTRUCCIONES (id_instruccion, id_clave, operacion, par1, par2, par3, par4, par5, par6, par7) VALUES ('7','3','SI','OPERADOR','\"FE\"','CONCAT','TEXTO','\"\"\"','DELANTE','');
INSERT INTO T_IE_INSTRUCCIONES (id_instruccion, id_clave, operacion, par1, par2, par3, par4, par5, par6, par7) VALUES ('8','3','SI','OPERADOR','\"FE\"','CONCAT','RESULTADO','\"\"\"','DETRAS','');
INSERT INTO T_IE_INSTRUCCIONES (id_instruccion, id_clave, operacion, par1, par2, par3, par4, par5, par6, par7) VALUES ('9','4','REPLACE','TEXTO','\" \"','\" \"','','','','');
INSERT INTO T_IE_INSTRUCCIONES (id_instruccion, id_clave, operacion, par1, par2, par3, par4, par5, par6, par7) VALUES ('13','5','SI','OPERADOR','\"AND\"','REPLACE','TEXTO','\"\"','\"\"','');
INSERT INTO T_IE_INSTRUCCIONES (id_instruccion, id_clave, operacion, par1, par2, par3, par4, par5, par6, par7) VALUES ('11','5','SI','OPERADOR','\"FE\"','CONCAT','TEXTO','\"\"\"','DELANTE','');
INSERT INTO T_IE_INSTRUCCIONES (id_instruccion, id_clave, operacion, par1, par2, par3, par4, par5, par6, par7) VALUES ('12','5','SI','OPERADOR','\"FE\"','CONCAT','RESULTADO','\"\"\"','DETRAS','');
INSERT INTO T_IE_INSTRUCCIONES (id_instruccion, id_clave, operacion, par1, par2, par3, par4, par5, par6, par7) VALUES ('14','6','SI','OPERADOR','\"AND\"','REPLACE','TEXTO','\" \"','\" AND \"','');
INSERT INTO T_IE_INSTRUCCIONES (id_instruccion, id_clave, operacion, par1, par2, par3, par4, par5, par6, par7) VALUES ('15','6','SI','OPERADOR','\"OR\"','REPLACE','TEXTO','\" \"','\" OR \"','');
INSERT INTO T_IE_INSTRUCCIONES (id_instruccion, id_clave, operacion, par1, par2, par3, par4, par5, par6, par7) VALUES ('16','6','SI','OPERADOR','\"FE\"','CONCAT','TEXTO','\"\"\"','DELANTE','');
INSERT INTO T_IE_INSTRUCCIONES (id_instruccion, id_clave, operacion, par1, par2, par3, par4, par5, par6, par7) VALUES ('17','6','SI','OPERADOR','\"FE\"','CONCAT','RESULTADO','\"\"\"','DETRAS','');
INSERT INTO T_IE_INSTRUCCIONES (id_instruccion, id_clave, operacion, par1, par2, par3, par4, par5, par6, par7) VALUES ('18','8','SI','OPERADOR','\"AND\"','REPLACE','TEXTO','\" \"','\" AND \"','');
INSERT INTO T_IE_INSTRUCCIONES (id_instruccion, id_clave, operacion, par1, par2, par3, par4, par5, par6, par7) VALUES ('19','8','SI','OPERADOR','\"OR\"','REPLACE','TEXTO','\" \"','\" OR \"','');
INSERT INTO T_IE_INSTRUCCIONES (id_instruccion, id_clave, operacion, par1, par2, par3, par4, par5, par6, par7) VALUES ('20','8','SI','OPERADOR','\"FE\"','CONCAT','TEXTO','\"\"\"','DELANTE','');
INSERT INTO T_IE_INSTRUCCIONES (id_instruccion, id_clave, operacion, par1, par2, par3, par4, par5, par6, par7) VALUES ('21','8','SI','OPERADOR','\"FE\"','CONCAT','RESULTADO','\"\"\"','DETRAS','');
INSERT INTO T_IE_INSTRUCCIONES (id_instruccion, id_clave, operacion, par1, par2, par3, par4, par5, par6, par7) VALUES ('22','9','SI','OPERADOR','\"AND\"','REPLACE','TEXTO','\" \"','\"+\"','');
INSERT INTO T_IE_INSTRUCCIONES (id_instruccion, id_clave, operacion, par1, par2, par3, par4, par5, par6, par7) VALUES ('23','9','SI','OPERADOR','\"OR\"','REPLACE','TEXTO','\" \"','\" \"','');
INSERT INTO T_IE_INSTRUCCIONES (id_instruccion, id_clave, operacion, par1, par2, par3, par4, par5, par6, par7) VALUES ('24','10','SI','OPERADOR','\"AND\"','REPLACE','TEXTO','\" \"','\" AND \"','');
INSERT INTO T_IE_INSTRUCCIONES (id_instruccion, id_clave, operacion, par1, par2, par3, par4, par5, par6, par7) VALUES ('25','10','SI','OPERADOR','\"OR\"','REPLACE','TEXTO','\" \"','\" OR \"','');
INSERT INTO T_IE_INSTRUCCIONES (id_instruccion, id_clave, operacion, par1, par2, par3, par4, par5, par6, par7) VALUES ('26','10','SI','OPERADOR','\"FE\"','CONCAT','TEXTO','\"\"\"','DELANTE','');
INSERT INTO T_IE_INSTRUCCIONES (id_instruccion, id_clave, operacion, par1, par2, par3, par4, par5, par6, par7) VALUES ('27','10','SI','OPERADOR','\"FE\"','CONCAT','RESULTADO','\"\"\"','DETRAS','');
INSERT INTO T_IE_INSTRUCCIONES (id_instruccion, id_clave, operacion, par1, par2, par3, par4, par5, par6, par7) VALUES ('28','11','SI','OPERADOR','\"AND\"','REPLACE','TEXTO','\" \"','\" AND \"','');
INSERT INTO T_IE_INSTRUCCIONES (id_instruccion, id_clave, operacion, par1, par2, par3, par4, par5, par6, par7) VALUES ('29','11','SI','OPERADOR','\"OR\"','REPLACE','TEXTO','\" \"','\" OR \"','');
INSERT INTO T_IE_INSTRUCCIONES (id_instruccion, id_clave, operacion, par1, par2, par3, par4, par5, par6, par7) VALUES ('30','11','SI','OPERADOR','\"FE\"','CONCAT','TEXTO','\"\"\"','DELANTE','');
INSERT INTO T_IE_INSTRUCCIONES (id_instruccion, id_clave, operacion, par1, par2, par3, par4, par5, par6, par7) VALUES ('31','11','SI','OPERADOR','\"FE\"','CONCAT','RESULTADO','\"\"\"','DETRAS','');
INSERT INTO T_IE_INSTRUCCIONES (id_instruccion, id_clave, operacion, par1, par2, par3, par4, par5, par6, par7) VALUES ('39','13','SI','OPERADOR','\"AND\"','REPLACE','TEXTO','\" \"','\" \"','');
INSERT INTO T_IE_INSTRUCCIONES (id_instruccion, id_clave, operacion, par1, par2, par3, par4, par5, par6, par7) VALUES ('34','13','SI','OPERADOR','\"FE\"','CONCAT','TEXTO','\"\"\"','DELANTE','');
INSERT INTO T_IE_INSTRUCCIONES (id_instruccion, id_clave, operacion, par1, par2, par3, par4, par5, par6, par7) VALUES ('37','13','SI','OPERADOR','\"FE\"','CONCAT','RESULTADO','\"\"\"','DETRAS','');
INSERT INTO T_IE_INSTRUCCIONES (id_instruccion, id_clave, operacion, par1, par2, par3, par4, par5, par6, par7) VALUES ('41','14','SI','OPERADOR','\"AND\"','REPLACE','TEXTO','\" \"','\" AND \"','');
INSERT INTO T_IE_INSTRUCCIONES (id_instruccion, id_clave, operacion, par1, par2, par3, par4, par5, par6, par7) VALUES ('40','14','REPLACE','TEXTO','\"\"','\"\"','','','','');
INSERT INTO T_IE_INSTRUCCIONES (id_instruccion, id_clave, operacion, par1, par2, par3, par4, par5, par6, par7) VALUES ('42','14','SI','OPERADOR','\"OR\"','REPLACE','TEXTO','\" \"','\" OR \"','');
INSERT INTO T_IE_INSTRUCCIONES (id_instruccion, id_clave, operacion, par1, par2, par3, par4, par5, par6, par7) VALUES ('43','14','SI','OPERADOR','\"FE\"','CONCAT','TEXTO','\"\"\"','DELANTE','');
INSERT INTO T_IE_INSTRUCCIONES (id_instruccion, id_clave, operacion, par1, par2, par3, par4, par5, par6, par7) VALUES ('44','14','SI','OPERADOR','\"FE\"','CONCAT','RESULTADO','\"\"\"','DETRAS','');
INSERT INTO T_IE_INSTRUCCIONES (id_instruccion, id_clave, operacion, par1, par2, par3, par4, par5, par6, par7) VALUES ('50','15','SI','OPERADOR','\"OR\"','REPLACE','TEXTO','\" \"','\", OR, \"','');
INSERT INTO T_IE_INSTRUCCIONES (id_instruccion, id_clave, operacion, par1, par2, par3, par4, par5, par6, par7) VALUES ('49','15','SI','OPERADOR','\"AND\"','REPLACE','TEXTO','\" \"','\" \"','');
INSERT INTO T_IE_INSTRUCCIONES (id_instruccion, id_clave, operacion, par1, par2, par3, par4, par5, par6, par7) VALUES ('51','15','SI','OPERADOR','\"FE\"','REPLACE','TEXTO','\" \"','\", ADJ, \"','');
INSERT INTO T_IE_INSTRUCCIONES (id_instruccion, id_clave, operacion, par1, par2, par3, par4, par5, par6, par7) VALUES ('145','17','SI','TEXTO','\" \"','REPLACE','TEXTO','\" \"','\" \"','');
INSERT INTO T_IE_INSTRUCCIONES (id_instruccion, id_clave, operacion, par1, par2, par3, par4, par5, par6, par7) VALUES ('72','18','SI','OPERADOR','\"AND\"','REPLACE','TEXTO','\" \"','\" \"','');
INSERT INTO T_IE_INSTRUCCIONES (id_instruccion, id_clave, operacion, par1, par2, par3, par4, par5, par6, par7) VALUES ('69','19','SI','OPERADOR','\"AND\"','ASSIGN','\"All\"','','','');
INSERT INTO T_IE_INSTRUCCIONES (id_instruccion, id_clave, operacion, par1, par2, par3, par4, par5, par6, par7) VALUES ('70','19','SI','OPERADOR','\"OR\"','ASSIGN','\"Any\"','','','');
INSERT INTO T_IE_INSTRUCCIONES (id_instruccion, id_clave, operacion, par1, par2, par3, par4, par5, par6, par7) VALUES ('71','19','SI','OPERADOR','\"FE\"','ASSIGN','\"Exact\"','','','');
INSERT INTO T_IE_INSTRUCCIONES (id_instruccion, id_clave, operacion, par1, par2, par3, par4, par5, par6, par7) VALUES ('73','18','SI','OPERADOR','\"OR\"','REPLACE','TEXTO','\" \"','\" \"','');
INSERT INTO T_IE_INSTRUCCIONES (id_instruccion, id_clave, operacion, par1, par2, par3, par4, par5, par6, par7) VALUES ('74','18','SI','OPERADOR','\"FE\"','REPLACE','TEXTO','\" \"','\" \"','');
INSERT INTO T_IE_INSTRUCCIONES (id_instruccion, id_clave, operacion, par1, par2, par3, par4, par5, par6, par7) VALUES ('75','20','REPLACE','TEXTO','\"\"','\"\"','','','','');
INSERT INTO T_IE_INSTRUCCIONES (id_instruccion, id_clave, operacion, par1, par2, par3, par4, par5, par6, par7) VALUES ('76','21','REPLACE','TEXTO','\"\"','\"\"','','','','');
INSERT INTO T_IE_INSTRUCCIONES (id_instruccion, id_clave, operacion, par1, par2, par3, par4, par5, par6, par7) VALUES ('77','22','SI','OPERADOR','\"AND\"','REPLACE','TEXTO','\" \"','\" AND \"','');
INSERT INTO T_IE_INSTRUCCIONES (id_instruccion, id_clave, operacion, par1, par2, par3, par4, par5, par6, par7) VALUES ('78','22','SI','OPERADOR','\"OR\"','REPLACE','TEXTO','\" \"','\" OR \"','');
INSERT INTO T_IE_INSTRUCCIONES (id_instruccion, id_clave, operacion, par1, par2, par3, par4, par5, par6, par7) VALUES ('79','22','SI','OPERADOR','\"FE\"','CONCAT','TEXTO','\"\"\"','DELANTE','');
INSERT INTO T_IE_INSTRUCCIONES (id_instruccion, id_clave, operacion, par1, par2, par3, par4, par5, par6, par7) VALUES ('80','22','SI','OPERADOR','\"FE\"','CONCAT','RESULTADO','\"\"\"','DETRAS','');
INSERT INTO T_IE_INSTRUCCIONES (id_instruccion, id_clave, operacion, par1, par2, par3, par4, par5, par6, par7) VALUES ('82','23','SI','OPERADOR','\"OR\"','REPLACE','TEXTO','\" \"','\" OR \"','');
INSERT INTO T_IE_INSTRUCCIONES (id_instruccion, id_clave, operacion, par1, par2, par3, par4, par5, par6, par7) VALUES ('83','23','SI','OPERADOR','\"AND\"','REPLACE','TEXTO','\" \"','\" AND \"','');
INSERT INTO T_IE_INSTRUCCIONES (id_instruccion, id_clave, operacion, par1, par2, par3, par4, par5, par6, par7) VALUES ('84','23','SI','OPERADOR','\"FE\"','CONCAT','TEXTO','\"\"\"','DELANTE','');
INSERT INTO T_IE_INSTRUCCIONES (id_instruccion, id_clave, operacion, par1, par2, par3, par4, par5, par6, par7) VALUES ('85','23','SI','OPERADOR','\"FE\"','CONCAT','RESULTADO','\"\"\"','DETRAS','');
INSERT INTO T_IE_INSTRUCCIONES (id_instruccion, id_clave, operacion, par1, par2, par3, par4, par5, par6, par7) VALUES ('90','24','SI','OPERADOR','\"AND\"','REPLACE','TEXTO','\" \"','\" AND \"','');
INSERT INTO T_IE_INSTRUCCIONES (id_instruccion, id_clave, operacion, par1, par2, par3, par4, par5, par6, par7) VALUES ('87','24','SI','OPERADOR','\"OR\"','REPLACE','TEXTO','\" \"','\" OR \"','');
INSERT INTO T_IE_INSTRUCCIONES (id_instruccion, id_clave, operacion, par1, par2, par3, par4, par5, par6, par7) VALUES ('88','24','SI','OPERADOR','\"FE\"','CONCAT','TEXTO','\"\"\"','DELANTE','');
INSERT INTO T_IE_INSTRUCCIONES (id_instruccion, id_clave, operacion, par1, par2, par3, par4, par5, par6, par7) VALUES ('89','24','SI','OPERADOR','\"FE\"','CONCAT','RESULTADO','\"\"\"','DETRAS','');
INSERT INTO T_IE_INSTRUCCIONES (id_instruccion, id_clave, operacion, par1, par2, par3, par4, par5, par6, par7) VALUES ('91','25','SI','OPERADOR','\"OR\"','REPLACE','TEXTO','\" \"','\" OR \"','');
INSERT INTO T_IE_INSTRUCCIONES (id_instruccion, id_clave, operacion, par1, par2, par3, par4, par5, par6, par7) VALUES ('92','25','SI','OPERADOR','\"AND\"','REPLACE','TEXTO','\" \"','\" AND \"','');
INSERT INTO T_IE_INSTRUCCIONES (id_instruccion, id_clave, operacion, par1, par2, par3, par4, par5, par6, par7) VALUES ('93','25','SI','OPERADOR','\"FE\"','CONCAT','TEXTO','\"\"\"','DELANTE','');
INSERT INTO T_IE_INSTRUCCIONES (id_instruccion, id_clave, operacion, par1, par2, par3, par4, par5, par6, par7) VALUES ('94','25','SI','OPERADOR','\"FE\"','CONCAT','RESULTADO','\"\"\"','DETRAS','');
INSERT INTO T_IE_INSTRUCCIONES (id_instruccion, id_clave, operacion, par1, par2, par3, par4, par5, par6, par7) VALUES ('98','26','SI','OPERADOR','\"AND\"','REPLACE','TEXTO','\" \"','\" \"','');
INSERT INTO T_IE_INSTRUCCIONES (id_instruccion, id_clave, operacion, par1, par2, par3, par4, par5, par6, par7) VALUES ('96','26','SI','OPERADOR','\"FE\"','CONCAT','TEXTO','\"\"\"','DELANTE','');
INSERT INTO T_IE_INSTRUCCIONES (id_instruccion, id_clave, operacion, par1, par2, par3, par4, par5, par6, par7) VALUES ('97','26','SI','OPERADOR','\"FE\"','CONCAT','RESULTADO','\"\"\"','DETRAS','');
INSERT INTO T_IE_INSTRUCCIONES (id_instruccion, id_clave, operacion, par1, par2, par3, par4, par5, par6, par7) VALUES ('99','27','SI','OPERADOR','\"AND\"','REPLACE','TEXTO','\" \"','\" AND \"','');
INSERT INTO T_IE_INSTRUCCIONES (id_instruccion, id_clave, operacion, par1, par2, par3, par4, par5, par6, par7) VALUES ('100','27','SI','OPERADOR','\"OR\"','REPLACE','TEXTO','\" \"','\" OR \"','');
INSERT INTO T_IE_INSTRUCCIONES (id_instruccion, id_clave, operacion, par1, par2, par3, par4, par5, par6, par7) VALUES ('144','32','SI','OPERADOR','\"OR\"','REPLACE','TEXTO','\" \"','\" OR \"','');
INSERT INTO T_IE_INSTRUCCIONES (id_instruccion, id_clave, operacion, par1, par2, par3, par4, par5, par6, par7) VALUES ('103','28','SI','OPERADOR','\"OR\"','REPLACE','TEXTO','\"\"','\"\"','');
INSERT INTO T_IE_INSTRUCCIONES (id_instruccion, id_clave, operacion, par1, par2, par3, par4, par5, par6, par7) VALUES ('104','28','SI','OPERADOR','\"AND\"','REPLACE','TEXTO','\"\"','\"\"','');
INSERT INTO T_IE_INSTRUCCIONES (id_instruccion, id_clave, operacion, par1, par2, par3, par4, par5, par6, par7) VALUES ('105','28','SI','OPERADOR','\"FE\"','CONCAT','TEXTO','\"\"\"','DELANTE','');
INSERT INTO T_IE_INSTRUCCIONES (id_instruccion, id_clave, operacion, par1, par2, par3, par4, par5, par6, par7) VALUES ('106','28','SI','OPERADOR','\"FE\"','CONCAT','RESULTADO','\"\"\"','DETRAS','');
INSERT INTO T_IE_INSTRUCCIONES (id_instruccion, id_clave, operacion, par1, par2, par3, par4, par5, par6, par7) VALUES ('117','30','SI','OPERADOR','\"OR\"','REPLACE','TEXTO','\" \"','\" OR \"','');
INSERT INTO T_IE_INSTRUCCIONES (id_instruccion, id_clave, operacion, par1, par2, par3, par4, par5, par6, par7) VALUES ('114','29','SI','OPERADOR','\"AND\"','ASSIGN','\"and\"','','','');
INSERT INTO T_IE_INSTRUCCIONES (id_instruccion, id_clave, operacion, par1, par2, par3, par4, par5, par6, par7) VALUES ('116','29','SI','OPERADOR','\"FE\"','ASSIGN','\"or\"','','','');
INSERT INTO T_IE_INSTRUCCIONES (id_instruccion, id_clave, operacion, par1, par2, par3, par4, par5, par6, par7) VALUES ('115','29','SI','OPERADOR','\"OR\"','ASSIGN','\"or\"','','','');
INSERT INTO T_IE_INSTRUCCIONES (id_instruccion, id_clave, operacion, par1, par2, par3, par4, par5, par6, par7) VALUES ('118','30','SI','OPERADOR','\"AND\"','REPLACE','TEXTO','\" \"','\" AND \"','');
INSERT INTO T_IE_INSTRUCCIONES (id_instruccion, id_clave, operacion, par1, par2, par3, par4, par5, par6, par7) VALUES ('119','30','SI','OPERADOR','\"FE\"','CONCAT','TEXTO','\"\"\"','DELANTE','');
INSERT INTO T_IE_INSTRUCCIONES (id_instruccion, id_clave, operacion, par1, par2, par3, par4, par5, par6, par7) VALUES ('120','30','SI','OPERADOR','\"FE\"','CONCAT','RESULTADO','\"\"\"','DETRAS','');
INSERT INTO T_IE_INSTRUCCIONES (id_instruccion, id_clave, operacion, par1, par2, par3, par4, par5, par6, par7) VALUES ('143','31','SI','OPERADOR','\"OR\"','REPLACE','TEXTO','\" \"','\"+OR+\"','');
INSERT INTO T_IE_INSTRUCCIONES (id_instruccion, id_clave, operacion, par1, par2, par3, par4, par5, par6, par7) VALUES ('128','32','SI','OPERADOR','\"AND\"','REPLACE','TEXTO','\" \"','\" AND \"','');
INSERT INTO T_IE_INSTRUCCIONES (id_instruccion, id_clave, operacion, par1, par2, par3, par4, par5, par6, par7) VALUES ('129','32','SI','OPERADOR','\"FE\"','CONCAT','TEXTO','\"\"\"','DELANTE','');
INSERT INTO T_IE_INSTRUCCIONES (id_instruccion, id_clave, operacion, par1, par2, par3, par4, par5, par6, par7) VALUES ('130','32','SI','OPERADOR','\"FE\"','CONCAT','RESULTADO','\"\"\"','DETRAS','');
INSERT INTO T_IE_INSTRUCCIONES (id_instruccion, id_clave, operacion, par1, par2, par3, par4, par5, par6, par7) VALUES ('131','34','SI','OPERADOR','\"AND\"','REPLACE','TEXTO','\" \"','\" AND \"','');
INSERT INTO T_IE_INSTRUCCIONES (id_instruccion, id_clave, operacion, par1, par2, par3, par4, par5, par6, par7) VALUES ('132','34','SI','OPERADOR','\"OR\"','REPLACE','TEXTO','\" \"','\" OR \"','');
INSERT INTO T_IE_INSTRUCCIONES (id_instruccion, id_clave, operacion, par1, par2, par3, par4, par5, par6, par7) VALUES ('133','34','SI','OPERADOR','\"FE\"','CONCAT','TEXTO','\"\"\"','DELANTE','');
INSERT INTO T_IE_INSTRUCCIONES (id_instruccion, id_clave, operacion, par1, par2, par3, par4, par5, par6, par7) VALUES ('134','34','SI','OPERADOR','\"FE\"','CONCAT','RESULTADO','\"\"\"','DETRAS','');
INSERT INTO T_IE_INSTRUCCIONES (id_instruccion, id_clave, operacion, par1, par2, par3, par4, par5, par6, par7) VALUES ('135','36','SI','OPERADOR','\"OR\"','ASSIGN','\"any\"','','','');
INSERT INTO T_IE_INSTRUCCIONES (id_instruccion, id_clave, operacion, par1, par2, par3, par4, par5, par6, par7) VALUES ('136','36','SI','OPERADOR','\"AND\"','ASSIGN','\"all\"','','','');
INSERT INTO T_IE_INSTRUCCIONES (id_instruccion, id_clave, operacion, par1, par2, par3, par4, par5, par6, par7) VALUES ('137','35','REPLACE','TEXTO','\" \"','\" \"','','','','');
INSERT INTO T_IE_INSTRUCCIONES (id_instruccion, id_clave, operacion, par1, par2, par3, par4, par5, par6, par7) VALUES ('140','37','SI','OPERADOR','\"OR\"','REPLACE','TEXTO','\" \"','\" \"','');
INSERT INTO T_IE_INSTRUCCIONES (id_instruccion, id_clave, operacion, par1, par2, par3, par4, par5, par6, par7) VALUES ('141','37','REPLACE','TEXTO','\"\"','\"\"','','','','');
INSERT INTO T_IE_INSTRUCCIONES (id_instruccion, id_clave, operacion, par1, par2, par3, par4, par5, par6, par7) VALUES ('142','31','SI','OPERADOR','\"AND\"','REPLACE','TEXTO','\" \"','\"+AND+\"','');


